imu,subject,segment,trials_kept,trials_total,x_cm,y_cm,z_cm,iqr_x_cm,iqr_y_cm,iqr_z_cm,activity_range_x_cm,activity_range_y_cm,activity_range_z_cm,ref_length_cm,x_frac,z_frac,orientation_spread_deg,clock_offset_ms,quat_wxyz,pitch_down,yaw_medial,face_tilt,dev_from_mean_orientation_deg
foot,AB06,calcn_r,23,24,14.13,0.42,2.66,0.36,1.4,0.27,0.306,2.048,0.301,18.879,0.748,0.141,3.56,-7.94,0.93492 0.13177 0.32830 -0.02784,38.404,2.523,41.436,3.311
foot,AB07,calcn_r,20,24,14.05,0.04,1.74,0.6,1.49,0.18,1.081,1.776,0.172,17.724,0.793,0.098,3.77,-8.96,0.91866 0.16606 0.35768 -0.02374,41.69,5.779,46.449,4.446
foot,AB08,calcn_r,23,24,11.74,-0.07,3.22,0.25,0.91,0.32,0.608,1.362,0.451,18.733,0.627,0.172,2.61,-11.16,0.91446 0.17768 0.35100 -0.09482,42.501,-3.788,46.33,6.706
foot,AB09,calcn_r,22,24,11.69,0.05,3.06,0.4,0.59,0.86,0.416,0.85,1.065,16.372,0.714,0.187,10.42,-7.72,0.95785 0.08669 0.27168 -0.03477,31.769,-1.314,33.133,10.855
foot,AB10,calcn_r,16,24,13.33,-0.1,0.99,0.43,0.72,0.31,0.577,0.685,0.685,18.309,0.728,0.054,4.44,-10.18,0.93109 0.17850 0.29743 -0.11288,36.456,-7.429,40.597,9.085
foot,AB11,calcn_r,18,24,14.27,-0.23,1.58,0.49,0.68,0.74,1.564,4.812,2.05,18.181,0.785,0.087,2.32,-10.02,0.94294 0.10454 0.29729 -0.10752,35.669,-9.967,36.736,9.733
foot,AB12,calcn_r,20,24,13.33,-0.93,1.72,0.61,1.5,0.32,0.751,1.747,0.331,17.487,0.762,0.098,3.46,-10.06,0.92028 0.13013 0.35859 -0.08696,43.047,-5.237,44.846,5.907
foot,AB13,calcn_r,23,24,13.57,0.63,2.54,0.54,0.4,0.41,0.748,0.544,0.64,18.207,0.745,0.14,3.44,-9.44,0.92752 0.14798 0.34131 -0.03618,40.076,2.539,43.681,1.66
foot,AB14,calcn_r,21,24,12.43,-0.2,2.34,0.3,1.22,0.26,0.279,1.417,0.475,16.106,0.772,0.145,3.18,-8.71,0.92415 0.05929 0.37282 -0.05853,44.107,-5.114,44.357,11.511
foot,AB15,calcn_r,16,24,13.23,0.24,3.1,0.38,0.47,0.28,0.459,0.446,1.231,19.293,0.686,0.161,5.96,-11.55,0.94115 0.11414 0.29780 -0.11189,35.881,-10.137,37.193,9.499
foot,AB16,calcn_r,23,24,12.15,-1.47,2.81,0.69,2.37,0.61,1.23,3.208,1.495,17.642,0.689,0.159,1.96,-6.43,0.89074 0.23396 0.38791 -0.03711,45.105,9.41,53.871,12.257
foot,AB17,calcn_r,23,24,11.2,0.21,3.05,0.42,0.8,0.18,0.433,1.079,0.167,17.466,0.641,0.175,1.73,-8.7,0.93401 0.14654 0.32453 -0.02865,37.923,3.023,41.721,2.562
foot,AB18,calcn_r,20,24,12.25,0.06,1.23,1.87,1.32,0.37,2.682,1.681,0.449,17.212,0.712,0.071,5.49,-9.02,0.90216 0.21689 0.37200 -0.02625,43.047,8.974,51.009,9.604
foot,AB19,calcn_r,18,24,12.75,0.32,1.98,0.52,0.69,0.17,0.524,1.906,0.301,18.688,0.682,0.106,3.58,-10.79,0.93463 0.15196 0.30618 -0.09816,37.028,-6.502,39.977,6.585
foot,AB20,calcn_r,23,24,13.13,0.72,2.08,0.67,1.51,0.45,1.065,1.667,0.943,18.081,0.726,0.115,4.74,-8.7,0.94137 0.20387 0.26522 0.04368,28.783,12.547,39.086,14.518
foot,AB21,calcn_r,23,24,10.92,2.32,3.2,0.37,0.56,0.35,0.424,0.67,0.421,16.717,0.653,0.191,5.04,-7.67,0.94429 -0.08261 0.30356 0.09663,36.107,9.425,36.678,31.82
foot,AB23,calcn_r,23,24,12.67,1.25,2.55,0.56,0.69,0.3,0.686,0.802,0.724,18.917,0.67,0.135,4.33,-5.47,0.91606 0.20551 0.34232 -0.03769,39.993,5.362,47.063,6.611
foot,AB24,calcn_r,22,24,12.93,0.92,2.45,0.42,0.91,0.24,0.595,1.418,0.306,17.665,0.732,0.139,5.54,-7.61,0.91022 0.21388 0.34768 -0.06984,41.514,1.653,48.187,8.1
foot,AB25,calcn_r,12,24,12.41,-0.05,1.53,0.28,0.45,0.29,4.027,1.205,1.917,16.41,0.756,0.093,2.75,-7.95,0.93144 0.17891 0.30703 -0.07831,36.87,-2.579,41.634,5.628
foot,AB27,calcn_r,22,24,14.4,0.96,2.34,0.28,0.66,0.51,0.572,2.073,0.587,18.764,0.767,0.125,2.26,-7.75,0.92124 0.16916 0.35018 0.00836,39.971,10.062,45.773,7.104
foot,AB28,calcn_r,21,24,12.56,0.42,1.63,0.19,2.52,1.17,0.577,2.796,1.39,17.19,0.731,0.095,4.7,-6.53,0.88451 0.18352 0.42821 -0.02450,50.041,10.206,55.535,12.845
foot,AB30,calcn_r,16,24,13.05,0.58,3.01,0.23,0.52,0.28,0.71,0.265,0.291,18.595,0.702,0.162,1.42,-8.18,0.93186 0.18067 0.29883 -0.09845,36.335,-5.378,40.878,7.815
shank,AB06,tibia_r,7,24,3.51,1.35,-28.46,0.33,0.33,0.35,0.442,0.344,0.428,46.548,0.075,-0.611,1.24,-13.01,0.70863 -0.02427 0.69022 0.14439,,,,20.182
shank,AB07,tibia_r,21,24,2.94,0.87,-25.79,0.32,1.35,2.05,0.318,2.306,3.432,41.774,0.07,-0.617,2.71,-14.15,0.70202 0.13758 0.69873 0.00456,,,,5.862
shank,AB08,tibia_r,21,24,2.44,0.87,-26.1,0.63,1.0,0.95,1.524,2.124,1.115,44.787,0.054,-0.583,2.19,-16.61,0.69896 0.13692 0.69756 -0.07820,,,,11.713
shank,AB09,tibia_r,21,24,2.0,-0.75,-24.44,0.67,4.04,1.61,0.913,5.088,3.022,38.893,0.051,-0.628,13.49,-12.01,0.72192 0.11967 0.68123 -0.02083,,,,6.601
shank,AB10,tibia_r,15,24,3.35,0.1,-28.01,0.59,1.21,1.49,0.923,1.791,2.105,42.284,0.079,-0.662,2.35,-15.88,0.70053 0.16388 0.69287 -0.04823,,,,11.176
shank,AB11,tibia_r,16,24,3.51,-0.29,-27.52,0.42,1.54,1.04,1.445,9.968,6.422,43.743,0.08,-0.629,2.74,-12.32,0.70859 0.05002 0.70220 0.04810,,,,6.263
shank,AB12,tibia_r,20,24,2.33,0.37,-26.51,1.07,4.49,3.44,1.505,5.155,4.297,41.508,0.056,-0.639,4.15,-12.89,0.68557 0.05551 0.72508 0.03428,,,,5.173
shank,AB13,tibia_r,23,24,2.01,0.49,-29.1,0.66,1.86,1.34,1.208,2.119,2.285,44.972,0.045,-0.647,1.82,-15.47,0.69544 0.16130 0.69911 -0.03995,,,,10.288
shank,AB14,tibia_r,21,24,3.43,1.12,-21.47,0.24,1.27,0.44,0.374,1.345,0.706,38.95,0.088,-0.551,1.76,-13.62,0.67818 0.01437 0.73033 0.08049,,,,12.115
shank,AB15,tibia_r,19,24,4.22,-2.73,-27.55,1.49,2.11,0.62,2.1,3.187,0.829,44.004,0.096,-0.626,3.58,-12.67,0.67940 0.05001 0.72990 -0.05619,,,,9.404
shank,AB16,tibia_r,16,24,1.42,1.24,-24.92,0.82,2.13,2.08,1.177,2.254,2.361,41.786,0.034,-0.596,3.29,-13.77,0.70423 0.10401 0.70215 -0.01502,,,,3.621
shank,AB17,tibia_r,23,24,2.53,0.79,-26.14,0.29,0.85,1.76,0.48,2.198,2.431,43.731,0.058,-0.598,2.15,-13.5,0.70032 0.03228 0.71024 0.06376,,,,8.824
shank,AB18,tibia_r,20,24,0.72,4.85,-27.09,0.75,2.83,1.64,1.057,3.618,1.987,45.844,0.016,-0.591,4.62,-13.64,0.68341 0.12313 0.71787 0.04952,,,,6.33
shank,AB19,tibia_r,16,24,3.26,0.27,-22.6,0.58,0.98,0.8,1.445,1.378,1.038,43.263,0.075,-0.522,1.5,-17.91,0.67932 0.09875 0.72698 -0.01644,,,,4.51
shank,AB20,tibia_r,24,24,3.09,0.75,-25.39,0.36,0.77,2.65,0.514,0.87,3.887,46.658,0.066,-0.544,2.49,-14.55,0.67779 0.04383 0.72575 0.10939,,,,12.772
shank,AB21,tibia_r,22,24,1.81,1.65,-23.19,0.84,1.64,4.19,1.49,1.925,4.648,41.751,0.043,-0.555,4.06,-13.0,0.69053 0.06785 0.71892 0.04147,,,,4.458
shank,AB23,tibia_r,24,24,2.65,1.34,-28.2,0.61,1.17,1.93,1.112,1.728,2.463,44.804,0.059,-0.629,2.21,-14.35,0.70470 0.14306 0.69484 -0.01132,,,,7.028
shank,AB24,tibia_r,22,24,1.8,1.4,-27.93,0.58,1.52,1.35,0.685,1.635,1.771,44.9,0.04,-0.622,2.1,-12.49,0.69850 0.03563 0.71080 0.07480,,,,9.489
shank,AB25,tibia_r,12,24,2.0,-1.05,-25.45,1.24,1.2,1.13,1.374,1.706,2.378,41.712,0.048,-0.61,2.17,-14.04,0.70067 0.11371 0.70302 -0.04357,,,,6.926
shank,AB27,tibia_r,22,24,2.69,-0.82,-29.58,0.26,1.17,1.14,0.421,1.231,1.524,45.476,0.059,-0.65,1.77,-13.94,0.68173 0.12351 0.72035 -0.03298,,,,6.864
shank,AB28,tibia_r,20,24,2.47,0.95,-24.91,0.57,0.8,1.83,0.771,0.824,2.232,41.869,0.059,-0.595,2.68,-17.01,0.72532 0.12686 0.67653 0.01099,,,,6.566
shank,AB30,tibia_r,17,24,3.36,-1.88,-27.95,0.41,0.58,1.14,0.8,0.864,1.311,45.091,0.075,-0.62,1.77,-14.57,0.70515 0.05176 0.70448 -0.06152,,,,9.313
