version,subject,channel,r,rmse
v1_average,AB07,foot_acc_x,0.944,2.082
v1_average,AB07,foot_acc_y,0.968,2.051
v1_average,AB07,foot_acc_z,0.368,1.336
v1_average,AB07,foot_gyr_x,0.245,0.756
v1_average,AB07,foot_gyr_y,0.896,0.69
v1_average,AB07,foot_gyr_z,0.95,1.008
v1_average,AB07,shank_acc_x,0.904,2.244
v1_average,AB07,shank_acc_y,0.426,3.133
v1_average,AB07,shank_acc_z,0.596,1.403
v1_average,AB07,shank_gyr_x,0.568,0.716
v1_average,AB07,shank_gyr_y,0.267,0.471
v1_average,AB07,shank_gyr_z,0.971,0.62
v1_average,AB08,foot_acc_x,0.913,2.197
v1_average,AB08,foot_acc_y,0.911,2.269
v1_average,AB08,foot_acc_z,0.443,1.379
v1_average,AB08,foot_gyr_x,0.651,0.47
v1_average,AB08,foot_gyr_y,0.822,0.36
v1_average,AB08,foot_gyr_z,0.915,1.125
v1_average,AB08,shank_acc_x,0.931,1.676
v1_average,AB08,shank_acc_y,0.39,2.981
v1_average,AB08,shank_acc_z,0.349,2.3
v1_average,AB08,shank_gyr_x,-0.062,0.896
v1_average,AB08,shank_gyr_y,0.351,0.453
v1_average,AB08,shank_gyr_z,0.961,0.684
v1_average,AB09,foot_acc_x,0.911,2.153
v1_average,AB09,foot_acc_y,0.87,2.557
v1_average,AB09,foot_acc_z,-0.31,3.933
v1_average,AB09,foot_gyr_x,-0.276,1.08
v1_average,AB09,foot_gyr_y,-0.647,0.905
v1_average,AB09,foot_gyr_z,0.95,1.213
v1_average,AB09,shank_acc_x,0.836,2.326
v1_average,AB09,shank_acc_y,0.59,3.246
v1_average,AB09,shank_acc_z,0.465,1.525
v1_average,AB09,shank_gyr_x,0.664,0.583
v1_average,AB09,shank_gyr_y,-0.07,0.518
v1_average,AB09,shank_gyr_z,0.969,0.613
v1_average,AB10,foot_acc_x,0.955,1.949
v1_average,AB10,foot_acc_y,0.967,2.957
v1_average,AB10,foot_acc_z,0.747,1.389
v1_average,AB10,foot_gyr_x,0.183,0.678
v1_average,AB10,foot_gyr_y,0.883,0.398
v1_average,AB10,foot_gyr_z,0.928,1.018
v1_average,AB10,shank_acc_x,0.915,1.977
v1_average,AB10,shank_acc_y,0.358,3.914
v1_average,AB10,shank_acc_z,0.721,1.716
v1_average,AB10,shank_gyr_x,0.577,0.664
v1_average,AB10,shank_gyr_y,0.388,0.47
v1_average,AB10,shank_gyr_z,0.961,0.681
v1_average,AB11,foot_acc_x,0.952,2.095
v1_average,AB11,foot_acc_y,0.981,2.333
v1_average,AB11,foot_acc_z,0.684,1.301
v1_average,AB11,foot_gyr_x,0.13,0.707
v1_average,AB11,foot_gyr_y,0.677,0.601
v1_average,AB11,foot_gyr_z,0.947,0.925
v1_average,AB11,shank_acc_x,0.874,2.201
v1_average,AB11,shank_acc_y,0.363,3.464
v1_average,AB11,shank_acc_z,0.663,0.967
v1_average,AB11,shank_gyr_x,0.56,0.628
v1_average,AB11,shank_gyr_y,0.457,0.224
v1_average,AB11,shank_gyr_z,0.969,0.604
v1_average,AB12,foot_acc_x,0.898,2.655
v1_average,AB12,foot_acc_y,0.945,1.772
v1_average,AB12,foot_acc_z,0.411,2.516
v1_average,AB12,foot_gyr_x,-0.802,1.059
v1_average,AB12,foot_gyr_y,0.699,1.056
v1_average,AB12,foot_gyr_z,0.967,0.831
v1_average,AB12,shank_acc_x,0.859,2.139
v1_average,AB12,shank_acc_y,0.342,3.232
v1_average,AB12,shank_acc_z,0.472,1.621
v1_average,AB12,shank_gyr_x,0.365,0.736
v1_average,AB12,shank_gyr_y,0.334,0.325
v1_average,AB12,shank_gyr_z,0.982,0.463
v1_average,AB13,foot_acc_x,0.962,1.442
v1_average,AB13,foot_acc_y,0.933,2.672
v1_average,AB13,foot_acc_z,0.647,1.333
v1_average,AB13,foot_gyr_x,0.141,0.703
v1_average,AB13,foot_gyr_y,0.437,0.413
v1_average,AB13,foot_gyr_z,0.951,0.888
v1_average,AB13,shank_acc_x,0.933,1.906
v1_average,AB13,shank_acc_y,0.365,3.957
v1_average,AB13,shank_acc_z,0.466,1.629
v1_average,AB13,shank_gyr_x,0.267,0.867
v1_average,AB13,shank_gyr_y,0.398,0.398
v1_average,AB13,shank_gyr_z,0.974,0.561
v1_average,AB14,foot_acc_x,0.958,1.668
v1_average,AB14,foot_acc_y,0.939,1.648
v1_average,AB14,foot_acc_z,-0.078,2.694
v1_average,AB14,foot_gyr_x,-0.06,0.879
v1_average,AB14,foot_gyr_y,0.147,0.618
v1_average,AB14,foot_gyr_z,0.945,1.044
v1_average,AB14,shank_acc_x,0.933,1.403
v1_average,AB14,shank_acc_y,0.379,3.065
v1_average,AB14,shank_acc_z,0.521,1.154
v1_average,AB14,shank_gyr_x,0.315,1.003
v1_average,AB14,shank_gyr_y,-0.294,0.548
v1_average,AB14,shank_gyr_z,0.989,0.439
v1_average,AB15,foot_acc_x,0.915,2.331
v1_average,AB15,foot_acc_y,0.909,2.851
v1_average,AB15,foot_acc_z,0.166,4.138
v1_average,AB15,foot_gyr_x,-0.816,1.35
v1_average,AB15,foot_gyr_y,0.388,0.663
v1_average,AB15,foot_gyr_z,0.946,0.835
v1_average,AB15,shank_acc_x,0.925,1.448
v1_average,AB15,shank_acc_y,0.091,3.722
v1_average,AB15,shank_acc_z,0.022,2.226
v1_average,AB15,shank_gyr_x,-0.2,0.996
v1_average,AB15,shank_gyr_y,0.36,0.319
v1_average,AB15,shank_gyr_z,0.978,0.565
v1_average,AB16,foot_acc_x,0.934,2.187
v1_average,AB16,foot_acc_y,0.874,2.796
v1_average,AB16,foot_acc_z,0.454,1.476
v1_average,AB16,foot_gyr_x,-0.214,0.926
v1_average,AB16,foot_gyr_y,0.853,0.809
v1_average,AB16,foot_gyr_z,0.936,1.375
v1_average,AB16,shank_acc_x,0.87,2.373
v1_average,AB16,shank_acc_y,0.458,3.109
v1_average,AB16,shank_acc_z,0.422,1.823
v1_average,AB16,shank_gyr_x,0.079,0.907
v1_average,AB16,shank_gyr_y,0.39,0.444
v1_average,AB16,shank_gyr_z,0.966,0.636
v1_average,AB17,foot_acc_x,0.925,2.415
v1_average,AB17,foot_acc_y,0.947,2.18
v1_average,AB17,foot_acc_z,0.452,1.274
v1_average,AB17,foot_gyr_x,0.179,0.639
v1_average,AB17,foot_gyr_y,0.71,0.518
v1_average,AB17,foot_gyr_z,0.942,1.044
v1_average,AB17,shank_acc_x,0.945,1.351
v1_average,AB17,shank_acc_y,0.472,2.902
v1_average,AB17,shank_acc_z,0.458,1.136
v1_average,AB17,shank_gyr_x,0.398,0.663
v1_average,AB17,shank_gyr_y,0.006,0.35
v1_average,AB17,shank_gyr_z,0.987,0.405
v1_average,AB18,foot_acc_x,0.918,2.828
v1_average,AB18,foot_acc_y,0.915,3.0
v1_average,AB18,foot_acc_z,0.663,1.875
v1_average,AB18,foot_gyr_x,0.396,0.889
v1_average,AB18,foot_gyr_y,0.773,0.792
v1_average,AB18,foot_gyr_z,0.916,1.503
v1_average,AB18,shank_acc_x,0.871,2.513
v1_average,AB18,shank_acc_y,0.372,4.154
v1_average,AB18,shank_acc_z,0.526,2.262
v1_average,AB18,shank_gyr_x,0.429,1.033
v1_average,AB18,shank_gyr_y,0.257,0.383
v1_average,AB18,shank_gyr_z,0.977,0.529
v1_average,AB19,foot_acc_x,0.928,2.012
v1_average,AB19,foot_acc_y,0.974,2.251
v1_average,AB19,foot_acc_z,0.555,1.672
v1_average,AB19,foot_gyr_x,0.075,0.809
v1_average,AB19,foot_gyr_y,0.739,0.586
v1_average,AB19,foot_gyr_z,0.943,1.134
v1_average,AB19,shank_acc_x,0.899,1.747
v1_average,AB19,shank_acc_y,0.679,2.288
v1_average,AB19,shank_acc_z,0.698,1.685
v1_average,AB19,shank_gyr_x,0.433,0.809
v1_average,AB19,shank_gyr_y,0.293,0.399
v1_average,AB19,shank_gyr_z,0.986,0.405
v1_average,AB20,foot_acc_x,0.91,2.76
v1_average,AB20,foot_acc_y,0.948,3.591
v1_average,AB20,foot_acc_z,0.359,1.32
v1_average,AB20,foot_gyr_x,0.565,0.521
v1_average,AB20,foot_gyr_y,0.206,0.81
v1_average,AB20,foot_gyr_z,0.944,0.952
v1_average,AB20,shank_acc_x,0.913,1.717
v1_average,AB20,shank_acc_y,0.475,3.224
v1_average,AB20,shank_acc_z,0.327,1.395
v1_average,AB20,shank_gyr_x,0.693,0.531
v1_average,AB20,shank_gyr_y,-0.141,0.435
v1_average,AB20,shank_gyr_z,0.99,0.414
v1_average,AB21,foot_acc_x,0.927,1.968
v1_average,AB21,foot_acc_y,0.894,2.27
v1_average,AB21,foot_acc_z,-0.122,5.034
v1_average,AB21,foot_gyr_x,-0.607,1.078
v1_average,AB21,foot_gyr_y,-0.643,1.257
v1_average,AB21,foot_gyr_z,0.93,1.256
v1_average,AB21,shank_acc_x,0.87,2.222
v1_average,AB21,shank_acc_y,0.529,2.825
v1_average,AB21,shank_acc_z,0.652,1.398
v1_average,AB21,shank_gyr_x,0.404,0.785
v1_average,AB21,shank_gyr_y,0.334,0.428
v1_average,AB21,shank_gyr_z,0.969,0.609
v1_average,AB23,foot_acc_x,0.949,2.095
v1_average,AB23,foot_acc_y,0.946,2.659
v1_average,AB23,foot_acc_z,0.645,1.994
v1_average,AB23,foot_gyr_x,0.591,0.638
v1_average,AB23,foot_gyr_y,0.851,1.051
v1_average,AB23,foot_gyr_z,0.968,0.717
v1_average,AB23,shank_acc_x,0.867,2.605
v1_average,AB23,shank_acc_y,0.441,3.533
v1_average,AB23,shank_acc_z,0.649,1.389
v1_average,AB23,shank_gyr_x,0.673,0.582
v1_average,AB23,shank_gyr_y,0.264,0.596
v1_average,AB23,shank_gyr_z,0.979,0.532
v1_average,AB24,foot_acc_x,0.948,1.987
v1_average,AB24,foot_acc_y,0.958,2.323
v1_average,AB24,foot_acc_z,0.599,1.014
v1_average,AB24,foot_gyr_x,0.37,0.913
v1_average,AB24,foot_gyr_y,0.749,0.663
v1_average,AB24,foot_gyr_z,0.927,1.301
v1_average,AB24,shank_acc_x,0.882,2.134
v1_average,AB24,shank_acc_y,0.536,3.061
v1_average,AB24,shank_acc_z,0.563,1.286
v1_average,AB24,shank_gyr_x,0.504,0.857
v1_average,AB24,shank_gyr_y,-0.242,0.535
v1_average,AB24,shank_gyr_z,0.983,0.462
v1_average,AB25,foot_acc_x,0.933,1.884
v1_average,AB25,foot_acc_y,0.982,1.66
v1_average,AB25,foot_acc_z,0.402,1.145
v1_average,AB25,foot_gyr_x,-0.227,0.791
v1_average,AB25,foot_gyr_y,0.615,0.441
v1_average,AB25,foot_gyr_z,0.976,0.584
v1_average,AB25,shank_acc_x,0.902,1.697
v1_average,AB25,shank_acc_y,0.486,2.74
v1_average,AB25,shank_acc_z,0.396,1.499
v1_average,AB25,shank_gyr_x,-0.062,0.874
v1_average,AB25,shank_gyr_y,0.402,0.47
v1_average,AB25,shank_gyr_z,0.983,0.529
v1_average,AB27,foot_acc_x,0.911,2.377
v1_average,AB27,foot_acc_y,0.954,2.127
v1_average,AB27,foot_acc_z,0.697,1.776
v1_average,AB27,foot_gyr_x,-0.625,1.049
v1_average,AB27,foot_gyr_y,0.419,0.719
v1_average,AB27,foot_gyr_z,0.96,0.903
v1_average,AB27,shank_acc_x,0.911,2.261
v1_average,AB27,shank_acc_y,0.214,3.506
v1_average,AB27,shank_acc_z,0.38,1.759
v1_average,AB27,shank_gyr_x,-0.24,0.965
v1_average,AB27,shank_gyr_y,0.473,0.542
v1_average,AB27,shank_gyr_z,0.967,0.624
v1_average,AB28,foot_acc_x,0.945,2.09
v1_average,AB28,foot_acc_y,0.889,2.681
v1_average,AB28,foot_acc_z,0.797,1.168
v1_average,AB28,foot_gyr_x,0.47,1.109
v1_average,AB28,foot_gyr_y,0.705,0.921
v1_average,AB28,foot_gyr_z,0.913,1.275
v1_average,AB28,shank_acc_x,0.845,2.738
v1_average,AB28,shank_acc_y,0.556,3.048
v1_average,AB28,shank_acc_z,0.744,1.358
v1_average,AB28,shank_gyr_x,0.506,0.915
v1_average,AB28,shank_gyr_y,0.359,0.521
v1_average,AB28,shank_gyr_z,0.961,0.686
v1_average,AB30,foot_acc_x,0.939,3.06
v1_average,AB30,foot_acc_y,0.914,3.604
v1_average,AB30,foot_acc_z,0.657,1.456
v1_average,AB30,foot_gyr_x,0.124,1.064
v1_average,AB30,foot_gyr_y,0.71,0.602
v1_average,AB30,foot_gyr_z,0.932,1.544
v1_average,AB30,shank_acc_x,0.926,2.482
v1_average,AB30,shank_acc_y,0.234,3.858
v1_average,AB30,shank_acc_z,0.183,2.267
v1_average,AB30,shank_gyr_x,-0.243,1.257
v1_average,AB30,shank_gyr_y,0.22,0.458
v1_average,AB30,shank_gyr_z,0.965,0.728
v2_own,AB07,foot_acc_x,0.92,2.463
v2_own,AB07,foot_acc_y,0.941,2.569
v2_own,AB07,foot_acc_z,-0.111,2.194
v2_own,AB07,foot_gyr_x,0.254,0.749
v2_own,AB07,foot_gyr_y,0.826,0.392
v2_own,AB07,foot_gyr_z,0.951,1.078
v2_own,AB07,shank_acc_x,0.921,1.95
v2_own,AB07,shank_acc_y,0.486,2.795
v2_own,AB07,shank_acc_z,0.582,1.733
v2_own,AB07,shank_gyr_x,0.482,0.731
v2_own,AB07,shank_gyr_y,0.13,0.359
v2_own,AB07,shank_gyr_z,0.973,0.618
v2_own,AB08,foot_acc_x,0.935,1.902
v2_own,AB08,foot_acc_y,0.926,2.273
v2_own,AB08,foot_acc_z,0.534,1.12
v2_own,AB08,foot_gyr_x,0.568,0.495
v2_own,AB08,foot_gyr_y,0.829,0.373
v2_own,AB08,foot_gyr_z,0.922,1.089
v2_own,AB08,shank_acc_x,0.933,1.546
v2_own,AB08,shank_acc_y,0.387,3.169
v2_own,AB08,shank_acc_z,0.449,1.414
v2_own,AB08,shank_gyr_x,0.24,0.804
v2_own,AB08,shank_gyr_y,0.341,0.281
v2_own,AB08,shank_gyr_z,0.962,0.669
v2_own,AB09,foot_acc_x,0.922,2.116
v2_own,AB09,foot_acc_y,0.92,1.937
v2_own,AB09,foot_acc_z,-0.18,2.856
v2_own,AB09,foot_gyr_x,-0.181,0.991
v2_own,AB09,foot_gyr_y,0.157,0.486
v2_own,AB09,foot_gyr_z,0.946,1.272
v2_own,AB09,shank_acc_x,0.859,2.109
v2_own,AB09,shank_acc_y,0.618,2.779
v2_own,AB09,shank_acc_z,0.502,1.357
v2_own,AB09,shank_gyr_x,0.64,0.598
v2_own,AB09,shank_gyr_y,0.238,0.342
v2_own,AB09,shank_gyr_z,0.965,0.643
v2_own,AB10,foot_acc_x,0.95,1.885
v2_own,AB10,foot_acc_y,0.955,2.873
v2_own,AB10,foot_acc_z,0.683,1.419
v2_own,AB10,foot_gyr_x,0.263,0.657
v2_own,AB10,foot_gyr_y,0.782,0.323
v2_own,AB10,foot_gyr_z,0.93,1.024
v2_own,AB10,shank_acc_x,0.921,1.632
v2_own,AB10,shank_acc_y,0.391,3.517
v2_own,AB10,shank_acc_z,0.639,1.767
v2_own,AB10,shank_gyr_x,0.556,0.669
v2_own,AB10,shank_gyr_y,0.233,0.284
v2_own,AB10,shank_gyr_z,0.964,0.657
v2_own,AB11,foot_acc_x,0.96,1.888
v2_own,AB11,foot_acc_y,0.98,2.16
v2_own,AB11,foot_acc_z,0.679,1.862
v2_own,AB11,foot_gyr_x,0.515,0.656
v2_own,AB11,foot_gyr_y,0.742,0.601
v2_own,AB11,foot_gyr_z,0.944,0.914
v2_own,AB11,shank_acc_x,0.889,2.435
v2_own,AB11,shank_acc_y,0.309,3.476
v2_own,AB11,shank_acc_z,0.619,1.142
v2_own,AB11,shank_gyr_x,0.535,0.635
v2_own,AB11,shank_gyr_y,0.488,0.222
v2_own,AB11,shank_gyr_z,0.97,0.602
v2_own,AB12,foot_acc_x,0.9,2.7
v2_own,AB12,foot_acc_y,0.945,2.203
v2_own,AB12,foot_acc_z,0.08,2.058
v2_own,AB12,foot_gyr_x,-0.346,0.864
v2_own,AB12,foot_gyr_y,0.299,0.801
v2_own,AB12,foot_gyr_z,0.97,0.933
v2_own,AB12,shank_acc_x,0.861,2.111
v2_own,AB12,shank_acc_y,0.347,3.177
v2_own,AB12,shank_acc_z,0.401,1.985
v2_own,AB12,shank_gyr_x,0.265,0.762
v2_own,AB12,shank_gyr_y,0.27,0.319
v2_own,AB12,shank_gyr_z,0.983,0.449
v2_own,AB13,foot_acc_x,0.955,1.627
v2_own,AB13,foot_acc_y,0.921,2.925
v2_own,AB13,foot_acc_z,0.794,1.088
v2_own,AB13,foot_gyr_x,0.089,0.725
v2_own,AB13,foot_gyr_y,0.632,0.357
v2_own,AB13,foot_gyr_z,0.951,0.891
v2_own,AB13,shank_acc_x,0.943,1.398
v2_own,AB13,shank_acc_y,0.414,3.786
v2_own,AB13,shank_acc_z,0.497,1.397
v2_own,AB13,shank_gyr_x,0.297,0.855
v2_own,AB13,shank_gyr_y,0.399,0.238
v2_own,AB13,shank_gyr_z,0.975,0.545
v2_own,AB14,foot_acc_x,0.949,1.66
v2_own,AB14,foot_acc_y,0.934,2.107
v2_own,AB14,foot_acc_z,0.432,1.219
v2_own,AB14,foot_gyr_x,0.324,0.786
v2_own,AB14,foot_gyr_y,0.839,0.517
v2_own,AB14,foot_gyr_z,0.923,1.147
v2_own,AB14,shank_acc_x,0.912,1.665
v2_own,AB14,shank_acc_y,0.294,3.477
v2_own,AB14,shank_acc_z,0.506,1.299
v2_own,AB14,shank_gyr_x,0.34,0.99
v2_own,AB14,shank_gyr_y,0.236,0.405
v2_own,AB14,shank_gyr_z,0.985,0.469
v2_own,AB15,foot_acc_x,0.918,2.11
v2_own,AB15,foot_acc_y,0.918,2.399
v2_own,AB15,foot_acc_z,0.323,1.695
v2_own,AB15,foot_gyr_x,-0.42,0.914
v2_own,AB15,foot_gyr_y,0.544,0.687
v2_own,AB15,foot_gyr_z,0.942,0.882
v2_own,AB15,shank_acc_x,0.92,1.517
v2_own,AB15,shank_acc_y,-0.045,4.12
v2_own,AB15,shank_acc_z,0.317,1.94
v2_own,AB15,shank_gyr_x,0.338,0.903
v2_own,AB15,shank_gyr_y,0.431,0.281
v2_own,AB15,shank_gyr_z,0.974,0.638
v2_own,AB16,foot_acc_x,0.926,2.135
v2_own,AB16,foot_acc_y,0.882,2.717
v2_own,AB16,foot_acc_z,0.322,3.762
v2_own,AB16,foot_gyr_x,-0.754,1.68
v2_own,AB16,foot_gyr_y,0.874,0.998
v2_own,AB16,foot_gyr_z,0.935,1.202
v2_own,AB16,shank_acc_x,0.888,1.931
v2_own,AB16,shank_acc_y,0.468,3.033
v2_own,AB16,shank_acc_z,0.401,1.917
v2_own,AB16,shank_gyr_x,0.123,0.896
v2_own,AB16,shank_gyr_y,0.323,0.949
v2_own,AB16,shank_gyr_z,0.961,0.689
v2_own,AB17,foot_acc_x,0.945,1.906
v2_own,AB17,foot_acc_y,0.971,1.576
v2_own,AB17,foot_acc_z,0.422,1.317
v2_own,AB17,foot_gyr_x,0.308,0.598
v2_own,AB17,foot_gyr_y,0.608,0.52
v2_own,AB17,foot_gyr_z,0.942,1.059
v2_own,AB17,shank_acc_x,0.937,1.742
v2_own,AB17,shank_acc_y,0.434,3.042
v2_own,AB17,shank_acc_z,0.418,1.472
v2_own,AB17,shank_gyr_x,0.143,0.73
v2_own,AB17,shank_gyr_y,0.432,0.222
v2_own,AB17,shank_gyr_z,0.987,0.408
v2_own,AB18,foot_acc_x,0.926,2.628
v2_own,AB18,foot_acc_y,0.863,3.391
v2_own,AB18,foot_acc_z,0.615,2.821
v2_own,AB18,foot_gyr_x,-0.163,1.041
v2_own,AB18,foot_gyr_y,0.636,0.753
v2_own,AB18,foot_gyr_z,0.906,1.623
v2_own,AB18,shank_acc_x,0.867,2.429
v2_own,AB18,shank_acc_y,0.41,4.333
v2_own,AB18,shank_acc_z,0.724,2.357
v2_own,AB18,shank_gyr_x,0.232,1.007
v2_own,AB18,shank_gyr_y,0.4,0.392
v2_own,AB18,shank_gyr_z,0.974,0.559
v2_own,AB19,foot_acc_x,0.932,1.937
v2_own,AB19,foot_acc_y,0.975,1.74
v2_own,AB19,foot_acc_z,0.478,1.522
v2_own,AB19,foot_gyr_x,0.308,0.739
v2_own,AB19,foot_gyr_y,0.69,0.569
v2_own,AB19,foot_gyr_z,0.948,1.091
v2_own,AB19,shank_acc_x,0.863,2.336
v2_own,AB19,shank_acc_y,0.541,3.195
v2_own,AB19,shank_acc_z,0.68,1.756
v2_own,AB19,shank_gyr_x,0.451,0.817
v2_own,AB19,shank_gyr_y,0.369,0.347
v2_own,AB19,shank_gyr_z,0.987,0.4
v2_own,AB20,foot_acc_x,0.922,2.164
v2_own,AB20,foot_acc_y,0.946,2.449
v2_own,AB20,foot_acc_z,0.298,2.966
v2_own,AB20,foot_gyr_x,-0.251,0.815
v2_own,AB20,foot_gyr_y,0.394,0.768
v2_own,AB20,foot_gyr_z,0.938,0.996
v2_own,AB20,shank_acc_x,0.909,2.231
v2_own,AB20,shank_acc_y,0.382,3.912
v2_own,AB20,shank_acc_z,0.252,1.935
v2_own,AB20,shank_gyr_x,0.478,0.645
v2_own,AB20,shank_gyr_y,0.287,0.276
v2_own,AB20,shank_gyr_z,0.988,0.411
v2_own,AB21,foot_acc_x,0.898,2.386
v2_own,AB21,foot_acc_y,0.925,2.656
v2_own,AB21,foot_acc_z,0.463,1.541
v2_own,AB21,foot_gyr_x,0.251,0.695
v2_own,AB21,foot_gyr_y,0.785,0.501
v2_own,AB21,foot_gyr_z,0.902,1.483
v2_own,AB21,shank_acc_x,0.84,2.627
v2_own,AB21,shank_acc_y,0.501,3.311
v2_own,AB21,shank_acc_z,0.622,1.845
v2_own,AB21,shank_gyr_x,0.297,0.819
v2_own,AB21,shank_gyr_y,0.355,0.414
v2_own,AB21,shank_gyr_z,0.968,0.62
v2_own,AB23,foot_acc_x,0.949,2.239
v2_own,AB23,foot_acc_y,0.942,3.067
v2_own,AB23,foot_acc_z,0.458,2.597
v2_own,AB23,foot_gyr_x,0.388,0.662
v2_own,AB23,foot_gyr_y,0.713,0.68
v2_own,AB23,foot_gyr_z,0.974,0.801
v2_own,AB23,shank_acc_x,0.874,2.371
v2_own,AB23,shank_acc_y,0.461,3.339
v2_own,AB23,shank_acc_z,0.482,2.273
v2_own,AB23,shank_gyr_x,0.565,0.624
v2_own,AB23,shank_gyr_y,0.151,0.354
v2_own,AB23,shank_gyr_z,0.981,0.488
v2_own,AB24,foot_acc_x,0.945,2.04
v2_own,AB24,foot_acc_y,0.954,2.325
v2_own,AB24,foot_acc_z,0.627,1.201
v2_own,AB24,foot_gyr_x,0.169,0.924
v2_own,AB24,foot_gyr_y,0.739,0.66
v2_own,AB24,foot_gyr_z,0.929,1.32
v2_own,AB24,shank_acc_x,0.888,2.096
v2_own,AB24,shank_acc_y,0.52,3.077
v2_own,AB24,shank_acc_z,0.631,1.049
v2_own,AB24,shank_gyr_x,0.517,0.861
v2_own,AB24,shank_gyr_y,0.166,0.357
v2_own,AB24,shank_gyr_z,0.982,0.473
v2_own,AB25,foot_acc_x,0.937,1.925
v2_own,AB25,foot_acc_y,0.982,1.071
v2_own,AB25,foot_acc_z,0.26,1.226
v2_own,AB25,foot_gyr_x,-0.18,0.788
v2_own,AB25,foot_gyr_y,0.375,0.481
v2_own,AB25,foot_gyr_z,0.979,0.559
v2_own,AB25,shank_acc_x,0.924,1.583
v2_own,AB25,shank_acc_y,0.568,2.539
v2_own,AB25,shank_acc_z,0.517,0.964
v2_own,AB25,shank_gyr_x,0.194,0.81
v2_own,AB25,shank_gyr_y,0.27,0.313
v2_own,AB25,shank_gyr_z,0.983,0.515
v2_own,AB27,foot_acc_x,0.936,2.275
v2_own,AB27,foot_acc_y,0.936,2.377
v2_own,AB27,foot_acc_z,0.452,3.0
v2_own,AB27,foot_gyr_x,-0.709,1.176
v2_own,AB27,foot_gyr_y,-0.043,0.792
v2_own,AB27,foot_gyr_z,0.963,0.885
v2_own,AB27,shank_acc_x,0.905,2.16
v2_own,AB27,shank_acc_y,0.257,3.37
v2_own,AB27,shank_acc_z,0.357,1.926
v2_own,AB27,shank_gyr_x,-0.352,1.013
v2_own,AB27,shank_gyr_y,0.603,0.275
v2_own,AB27,shank_gyr_z,0.97,0.593
v2_own,AB28,foot_acc_x,0.936,2.505
v2_own,AB28,foot_acc_y,0.892,3.027
v2_own,AB28,foot_acc_z,0.78,1.377
v2_own,AB28,foot_gyr_x,0.305,1.085
v2_own,AB28,foot_gyr_y,0.636,0.928
v2_own,AB28,foot_gyr_z,0.922,1.265
v2_own,AB28,shank_acc_x,0.872,2.148
v2_own,AB28,shank_acc_y,0.599,2.761
v2_own,AB28,shank_acc_z,0.728,1.421
v2_own,AB28,shank_gyr_x,0.499,0.924
v2_own,AB28,shank_gyr_y,0.256,0.422
v2_own,AB28,shank_gyr_z,0.962,0.673
v2_own,AB30,foot_acc_x,0.941,3.056
v2_own,AB30,foot_acc_y,0.942,3.154
v2_own,AB30,foot_acc_z,0.726,1.286
v2_own,AB30,foot_gyr_x,-0.039,1.079
v2_own,AB30,foot_gyr_y,0.698,0.61
v2_own,AB30,foot_gyr_z,0.944,1.458
v2_own,AB30,shank_acc_x,0.913,2.566
v2_own,AB30,shank_acc_y,0.222,4.043
v2_own,AB30,shank_acc_z,0.419,1.322
v2_own,AB30,shank_gyr_x,0.104,1.135
v2_own,AB30,shank_gyr_y,0.204,0.454
v2_own,AB30,shank_gyr_z,0.958,0.77
v1_rotation_only,AB07,foot_acc_x,0.752,3.623
v1_rotation_only,AB07,foot_acc_y,0.967,1.874
v1_rotation_only,AB07,foot_acc_z,0.543,1.29
v1_rotation_only,AB07,foot_gyr_x,0.245,0.756
v1_rotation_only,AB07,foot_gyr_y,0.896,0.69
v1_rotation_only,AB07,foot_gyr_z,0.95,1.008
v1_rotation_only,AB07,shank_acc_x,0.76,2.591
v1_rotation_only,AB07,shank_acc_y,0.627,2.536
v1_rotation_only,AB07,shank_acc_z,0.527,1.374
v1_rotation_only,AB07,shank_gyr_x,0.568,0.716
v1_rotation_only,AB07,shank_gyr_y,0.267,0.471
v1_rotation_only,AB07,shank_gyr_z,0.971,0.62
v1_rotation_only,AB08,foot_acc_x,0.86,2.851
v1_rotation_only,AB08,foot_acc_y,0.914,2.301
v1_rotation_only,AB08,foot_acc_z,0.633,0.999
v1_rotation_only,AB08,foot_gyr_x,0.651,0.47
v1_rotation_only,AB08,foot_gyr_y,0.822,0.36
v1_rotation_only,AB08,foot_gyr_z,0.915,1.125
v1_rotation_only,AB08,shank_acc_x,0.877,1.957
v1_rotation_only,AB08,shank_acc_y,0.644,2.448
v1_rotation_only,AB08,shank_acc_z,0.454,2.398
v1_rotation_only,AB08,shank_gyr_x,-0.062,0.896
v1_rotation_only,AB08,shank_gyr_y,0.351,0.453
v1_rotation_only,AB08,shank_gyr_z,0.961,0.684
v1_rotation_only,AB09,foot_acc_x,0.602,4.233
v1_rotation_only,AB09,foot_acc_y,0.888,2.135
v1_rotation_only,AB09,foot_acc_z,-0.55,3.751
v1_rotation_only,AB09,foot_gyr_x,-0.276,1.08
v1_rotation_only,AB09,foot_gyr_y,-0.647,0.905
v1_rotation_only,AB09,foot_gyr_z,0.95,1.213
v1_rotation_only,AB09,shank_acc_x,0.75,2.656
v1_rotation_only,AB09,shank_acc_y,0.598,2.897
v1_rotation_only,AB09,shank_acc_z,0.385,1.394
v1_rotation_only,AB09,shank_gyr_x,0.664,0.583
v1_rotation_only,AB09,shank_gyr_y,-0.07,0.518
v1_rotation_only,AB09,shank_gyr_z,0.969,0.613
v1_rotation_only,AB10,foot_acc_x,0.719,3.687
v1_rotation_only,AB10,foot_acc_y,0.98,2.342
v1_rotation_only,AB10,foot_acc_z,0.614,1.639
v1_rotation_only,AB10,foot_gyr_x,0.183,0.678
v1_rotation_only,AB10,foot_gyr_y,0.883,0.398
v1_rotation_only,AB10,foot_gyr_z,0.928,1.018
v1_rotation_only,AB10,shank_acc_x,0.676,2.767
v1_rotation_only,AB10,shank_acc_y,0.454,3.526
v1_rotation_only,AB10,shank_acc_z,0.185,2.053
v1_rotation_only,AB10,shank_gyr_x,0.577,0.664
v1_rotation_only,AB10,shank_gyr_y,0.388,0.47
v1_rotation_only,AB10,shank_gyr_z,0.961,0.681
v1_rotation_only,AB11,foot_acc_x,0.768,3.45
v1_rotation_only,AB11,foot_acc_y,0.98,1.99
v1_rotation_only,AB11,foot_acc_z,0.691,1.431
v1_rotation_only,AB11,foot_gyr_x,0.13,0.707
v1_rotation_only,AB11,foot_gyr_y,0.677,0.601
v1_rotation_only,AB11,foot_gyr_z,0.947,0.925
v1_rotation_only,AB11,shank_acc_x,0.715,2.658
v1_rotation_only,AB11,shank_acc_y,0.535,3.004
v1_rotation_only,AB11,shank_acc_z,0.664,0.834
v1_rotation_only,AB11,shank_gyr_x,0.56,0.628
v1_rotation_only,AB11,shank_gyr_y,0.457,0.224
v1_rotation_only,AB11,shank_gyr_z,0.969,0.604
v1_rotation_only,AB12,foot_acc_x,0.492,4.954
v1_rotation_only,AB12,foot_acc_y,0.951,2.037
v1_rotation_only,AB12,foot_acc_z,0.444,2.605
v1_rotation_only,AB12,foot_gyr_x,-0.802,1.059
v1_rotation_only,AB12,foot_gyr_y,0.699,1.056
v1_rotation_only,AB12,foot_gyr_z,0.967,0.831
v1_rotation_only,AB12,shank_acc_x,0.648,2.836
v1_rotation_only,AB12,shank_acc_y,0.555,2.876
v1_rotation_only,AB12,shank_acc_z,0.414,1.817
v1_rotation_only,AB12,shank_gyr_x,0.365,0.736
v1_rotation_only,AB12,shank_gyr_y,0.334,0.325
v1_rotation_only,AB12,shank_gyr_z,0.982,0.463
v1_rotation_only,AB13,foot_acc_x,0.756,3.421
v1_rotation_only,AB13,foot_acc_y,0.972,1.69
v1_rotation_only,AB13,foot_acc_z,0.413,1.475
v1_rotation_only,AB13,foot_gyr_x,0.141,0.703
v1_rotation_only,AB13,foot_gyr_y,0.437,0.413
v1_rotation_only,AB13,foot_gyr_z,0.951,0.888
v1_rotation_only,AB13,shank_acc_x,0.772,2.415
v1_rotation_only,AB13,shank_acc_y,0.555,2.764
v1_rotation_only,AB13,shank_acc_z,0.58,1.207
v1_rotation_only,AB13,shank_gyr_x,0.267,0.867
v1_rotation_only,AB13,shank_gyr_y,0.398,0.398
v1_rotation_only,AB13,shank_gyr_z,0.974,0.561
v1_rotation_only,AB14,foot_acc_x,0.627,4.071
v1_rotation_only,AB14,foot_acc_y,0.925,2.001
v1_rotation_only,AB14,foot_acc_z,0.185,2.493
v1_rotation_only,AB14,foot_gyr_x,-0.06,0.879
v1_rotation_only,AB14,foot_gyr_y,0.147,0.618
v1_rotation_only,AB14,foot_gyr_z,0.945,1.044
v1_rotation_only,AB14,shank_acc_x,0.854,2.204
v1_rotation_only,AB14,shank_acc_y,0.738,2.078
v1_rotation_only,AB14,shank_acc_z,0.584,0.873
v1_rotation_only,AB14,shank_gyr_x,0.315,1.003
v1_rotation_only,AB14,shank_gyr_y,-0.294,0.548
v1_rotation_only,AB14,shank_gyr_z,0.989,0.439
v1_rotation_only,AB15,foot_acc_x,0.655,4.008
v1_rotation_only,AB15,foot_acc_y,0.963,1.734
v1_rotation_only,AB15,foot_acc_z,0.253,4.016
v1_rotation_only,AB15,foot_gyr_x,-0.816,1.35
v1_rotation_only,AB15,foot_gyr_y,0.388,0.663
v1_rotation_only,AB15,foot_gyr_z,0.946,0.835
v1_rotation_only,AB15,shank_acc_x,0.626,2.794
v1_rotation_only,AB15,shank_acc_y,0.399,3.08
v1_rotation_only,AB15,shank_acc_z,0.183,2.059
v1_rotation_only,AB15,shank_gyr_x,-0.2,0.996
v1_rotation_only,AB15,shank_gyr_y,0.36,0.319
v1_rotation_only,AB15,shank_gyr_z,0.978,0.565
v1_rotation_only,AB16,foot_acc_x,0.621,4.22
v1_rotation_only,AB16,foot_acc_y,0.85,3.228
v1_rotation_only,AB16,foot_acc_z,0.569,1.699
v1_rotation_only,AB16,foot_gyr_x,-0.214,0.926
v1_rotation_only,AB16,foot_gyr_y,0.853,0.809
v1_rotation_only,AB16,foot_gyr_z,0.936,1.375
v1_rotation_only,AB16,shank_acc_x,0.815,2.241
v1_rotation_only,AB16,shank_acc_y,0.718,2.217
v1_rotation_only,AB16,shank_acc_z,0.478,1.808
v1_rotation_only,AB16,shank_gyr_x,0.079,0.907
v1_rotation_only,AB16,shank_gyr_y,0.39,0.444
v1_rotation_only,AB16,shank_gyr_z,0.966,0.636
v1_rotation_only,AB17,foot_acc_x,0.81,3.06
v1_rotation_only,AB17,foot_acc_y,0.957,1.486
v1_rotation_only,AB17,foot_acc_z,0.474,1.406
v1_rotation_only,AB17,foot_gyr_x,0.179,0.639
v1_rotation_only,AB17,foot_gyr_y,0.71,0.518
v1_rotation_only,AB17,foot_gyr_z,0.942,1.044
v1_rotation_only,AB17,shank_acc_x,0.858,1.973
v1_rotation_only,AB17,shank_acc_y,0.595,2.684
v1_rotation_only,AB17,shank_acc_z,0.553,0.976
v1_rotation_only,AB17,shank_gyr_x,0.398,0.663
v1_rotation_only,AB17,shank_gyr_y,0.006,0.35
v1_rotation_only,AB17,shank_gyr_z,0.987,0.405
v1_rotation_only,AB18,foot_acc_x,0.73,3.801
v1_rotation_only,AB18,foot_acc_y,0.87,3.026
v1_rotation_only,AB18,foot_acc_z,0.774,1.858
v1_rotation_only,AB18,foot_gyr_x,0.396,0.889
v1_rotation_only,AB18,foot_gyr_y,0.773,0.792
v1_rotation_only,AB18,foot_gyr_z,0.916,1.503
v1_rotation_only,AB18,shank_acc_x,0.861,2.096
v1_rotation_only,AB18,shank_acc_y,0.677,2.646
v1_rotation_only,AB18,shank_acc_z,0.726,1.365
v1_rotation_only,AB18,shank_gyr_x,0.429,1.033
v1_rotation_only,AB18,shank_gyr_y,0.257,0.383
v1_rotation_only,AB18,shank_gyr_z,0.977,0.529
v1_rotation_only,AB19,foot_acc_x,0.724,3.607
v1_rotation_only,AB19,foot_acc_y,0.967,1.455
v1_rotation_only,AB19,foot_acc_z,0.618,1.675
v1_rotation_only,AB19,foot_gyr_x,0.075,0.809
v1_rotation_only,AB19,foot_gyr_y,0.739,0.586
v1_rotation_only,AB19,foot_gyr_z,0.943,1.134
v1_rotation_only,AB19,shank_acc_x,0.8,2.372
v1_rotation_only,AB19,shank_acc_y,0.79,2.012
v1_rotation_only,AB19,shank_acc_z,0.462,1.711
v1_rotation_only,AB19,shank_gyr_x,0.433,0.809
v1_rotation_only,AB19,shank_gyr_y,0.293,0.399
v1_rotation_only,AB19,shank_gyr_z,0.986,0.405
v1_rotation_only,AB20,foot_acc_x,0.715,3.736
v1_rotation_only,AB20,foot_acc_y,0.983,2.363
v1_rotation_only,AB20,foot_acc_z,0.294,1.713
v1_rotation_only,AB20,foot_gyr_x,0.565,0.521
v1_rotation_only,AB20,foot_gyr_y,0.206,0.81
v1_rotation_only,AB20,foot_gyr_z,0.944,0.952
v1_rotation_only,AB20,shank_acc_x,0.738,2.541
v1_rotation_only,AB20,shank_acc_y,0.554,2.817
v1_rotation_only,AB20,shank_acc_z,0.068,1.376
v1_rotation_only,AB20,shank_gyr_x,0.693,0.531
v1_rotation_only,AB20,shank_gyr_y,-0.141,0.435
v1_rotation_only,AB20,shank_gyr_z,0.99,0.414
v1_rotation_only,AB21,foot_acc_x,0.693,3.761
v1_rotation_only,AB21,foot_acc_y,0.909,2.033
v1_rotation_only,AB21,foot_acc_z,-0.17,4.808
v1_rotation_only,AB21,foot_gyr_x,-0.607,1.078
v1_rotation_only,AB21,foot_gyr_y,-0.643,1.257
v1_rotation_only,AB21,foot_gyr_z,0.93,1.256
v1_rotation_only,AB21,shank_acc_x,0.828,2.335
v1_rotation_only,AB21,shank_acc_y,0.696,2.184
v1_rotation_only,AB21,shank_acc_z,0.564,1.462
v1_rotation_only,AB21,shank_gyr_x,0.404,0.785
v1_rotation_only,AB21,shank_gyr_y,0.334,0.428
v1_rotation_only,AB21,shank_gyr_z,0.969,0.609
v1_rotation_only,AB23,foot_acc_x,0.77,3.347
v1_rotation_only,AB23,foot_acc_y,0.954,1.64
v1_rotation_only,AB23,foot_acc_z,0.419,2.595
v1_rotation_only,AB23,foot_gyr_x,0.591,0.638
v1_rotation_only,AB23,foot_gyr_y,0.851,1.051
v1_rotation_only,AB23,foot_gyr_z,0.968,0.717
v1_rotation_only,AB23,shank_acc_x,0.707,2.811
v1_rotation_only,AB23,shank_acc_y,0.544,2.852
v1_rotation_only,AB23,shank_acc_z,0.206,1.794
v1_rotation_only,AB23,shank_gyr_x,0.673,0.582
v1_rotation_only,AB23,shank_gyr_y,0.264,0.596
v1_rotation_only,AB23,shank_gyr_z,0.979,0.532
v1_rotation_only,AB24,foot_acc_x,0.683,3.966
v1_rotation_only,AB24,foot_acc_y,0.942,1.81
v1_rotation_only,AB24,foot_acc_z,0.562,1.392
v1_rotation_only,AB24,foot_gyr_x,0.37,0.913
v1_rotation_only,AB24,foot_gyr_y,0.749,0.663
v1_rotation_only,AB24,foot_gyr_z,0.927,1.301
v1_rotation_only,AB24,shank_acc_x,0.814,2.355
v1_rotation_only,AB24,shank_acc_y,0.71,2.333
v1_rotation_only,AB24,shank_acc_z,0.389,1.145
v1_rotation_only,AB24,shank_gyr_x,0.504,0.857
v1_rotation_only,AB24,shank_gyr_y,-0.242,0.535
v1_rotation_only,AB24,shank_gyr_z,0.983,0.462
v1_rotation_only,AB25,foot_acc_x,0.742,3.513
v1_rotation_only,AB25,foot_acc_y,0.981,1.073
v1_rotation_only,AB25,foot_acc_z,0.33,1.134
v1_rotation_only,AB25,foot_gyr_x,-0.227,0.791
v1_rotation_only,AB25,foot_gyr_y,0.615,0.441
v1_rotation_only,AB25,foot_gyr_z,0.976,0.584
v1_rotation_only,AB25,shank_acc_x,0.79,2.557
v1_rotation_only,AB25,shank_acc_y,0.67,2.254
v1_rotation_only,AB25,shank_acc_z,0.378,1.579
v1_rotation_only,AB25,shank_gyr_x,-0.062,0.874
v1_rotation_only,AB25,shank_gyr_y,0.402,0.47
v1_rotation_only,AB25,shank_gyr_z,0.983,0.529
v1_rotation_only,AB27,foot_acc_x,0.609,4.283
v1_rotation_only,AB27,foot_acc_y,0.972,1.396
v1_rotation_only,AB27,foot_acc_z,0.57,1.972
v1_rotation_only,AB27,foot_gyr_x,-0.625,1.049
v1_rotation_only,AB27,foot_gyr_y,0.419,0.719
v1_rotation_only,AB27,foot_gyr_z,0.96,0.903
v1_rotation_only,AB27,shank_acc_x,0.694,2.855
v1_rotation_only,AB27,shank_acc_y,0.481,3.057
v1_rotation_only,AB27,shank_acc_z,0.378,1.861
v1_rotation_only,AB27,shank_gyr_x,-0.24,0.965
v1_rotation_only,AB27,shank_gyr_y,0.473,0.542
v1_rotation_only,AB27,shank_gyr_z,0.967,0.624
v1_rotation_only,AB28,foot_acc_x,0.737,3.646
v1_rotation_only,AB28,foot_acc_y,0.847,3.141
v1_rotation_only,AB28,foot_acc_z,0.589,1.511
v1_rotation_only,AB28,foot_gyr_x,0.47,1.109
v1_rotation_only,AB28,foot_gyr_y,0.705,0.921
v1_rotation_only,AB28,foot_gyr_z,0.913,1.275
v1_rotation_only,AB28,shank_acc_x,0.785,2.477
v1_rotation_only,AB28,shank_acc_y,0.731,2.204
v1_rotation_only,AB28,shank_acc_z,0.663,1.334
v1_rotation_only,AB28,shank_gyr_x,0.506,0.915
v1_rotation_only,AB28,shank_gyr_y,0.359,0.521
v1_rotation_only,AB28,shank_gyr_z,0.961,0.686
v1_rotation_only,AB30,foot_acc_x,0.753,3.808
v1_rotation_only,AB30,foot_acc_y,0.946,2.39
v1_rotation_only,AB30,foot_acc_z,0.782,1.26
v1_rotation_only,AB30,foot_gyr_x,0.124,1.064
v1_rotation_only,AB30,foot_gyr_y,0.71,0.602
v1_rotation_only,AB30,foot_gyr_z,0.932,1.544
v1_rotation_only,AB30,shank_acc_x,0.815,2.549
v1_rotation_only,AB30,shank_acc_y,0.565,3.075
v1_rotation_only,AB30,shank_acc_z,0.388,2.267
v1_rotation_only,AB30,shank_gyr_x,-0.243,1.257
v1_rotation_only,AB30,shank_gyr_y,0.22,0.458
v1_rotation_only,AB30,shank_gyr_z,0.965,0.728
