subject,segment,R00,R01,R02,R10,R11,R12,R20,R21,R22,d_x_m,d_y_m,d_z_m,r_gt_x,r_gt_y,r_gt_z,r_exo_x,r_exo_y,r_exo_z
average,foot,0.819557,0.263874,0.508623,-0.116848,0.945964,-0.302487,-0.560957,0.188473,0.806105,-0.09184,-0.0601,-0.03406,0.12827,0.00277,0.0231,0.03916,-0.06475,-0.00842
average,shank,-0.100789,0.191997,0.976206,0.0907,0.97889,-0.18316,-0.990765,0.070082,-0.116076,-0.08506,-0.11469,0.01211,0.02615,0.00495,-0.26286,-0.05085,-0.11778,-0.26637
AB06,foot,0.847226,0.240858,0.473497,-0.16843,0.967102,-0.190501,-0.503838,0.081594,0.859923,-0.11109,-0.05584,-0.03202,0.1413,0.0042,0.0266,0.0339,-0.06011,-0.00192
AB06,shank,-0.076205,0.123961,0.989338,0.05868,0.991041,-0.119641,-0.995326,0.048946,-0.082808,-0.13921,-0.10531,0.01644,0.0351,0.0135,-0.2846,-0.05904,-0.13374,-0.29858
AB07,foot,0.766565,0.413526,0.491307,-0.195627,0.879056,-0.434699,-0.611694,0.237068,0.754795,-0.12151,-0.02592,-0.03107,0.1405,0.0004,0.0174,0.02945,-0.05752,-0.00936
AB07,shank,-0.051782,0.28857,0.956074,0.155734,0.947971,-0.277667,-0.986462,0.13444,-0.094,-0.08852,-0.11299,0.02112,0.0294,0.0087,-0.2579,-0.04979,-0.1126,-0.24985
AB08,foot,0.770997,0.264587,0.579267,-0.087655,0.945027,-0.315058,-0.63071,0.192168,0.751851,-0.06851,-0.07483,-0.03591,0.1174,-0.0007,0.0322,0.04527,-0.07065,-0.00635
AB08,shank,-0.078874,0.315838,0.945492,0.011881,0.948727,-0.315948,-0.996764,-0.013696,-0.078618,-0.07891,-0.13116,-0.00236,0.0244,0.0087,-0.261,-0.05181,-0.12271,-0.27993
AB09,foot,0.860846,0.153244,0.485278,-0.081743,0.982887,-0.165408,-0.502339,0.102704,0.858613,-0.07085,-0.06516,-0.04199,0.1169,0.0005,0.0306,0.04782,-0.06562,-0.01281
AB09,shank,-0.07918,0.040074,0.996054,0.091586,0.995266,-0.032822,-0.992674,0.088596,-0.082491,-0.04393,-0.11064,0.03443,0.02,-0.0075,-0.2444,-0.04597,-0.1099,-0.22161
AB10,foot,0.813174,0.351511,0.463952,-0.179321,0.909596,-0.374779,-0.553757,0.221639,0.802627,-0.09828,-0.06367,-0.01895,0.1333,-0.001,0.0099,0.03748,-0.06825,-0.00932
AB10,shank,-0.044357,0.381497,0.923366,0.120775,0.919458,-0.37405,-0.991718,0.094971,-0.086908,-0.09417,-0.10858,0.03798,0.0335,0.001,-0.2801,-0.05448,-0.11616,-0.25495
AB11,foot,0.848156,0.280403,0.449426,-0.207844,0.956504,-0.204597,-0.487203,0.080084,0.869615,-0.10379,-0.06423,-0.02935,0.1427,-0.0023,0.0158,0.03801,-0.06712,-0.00867
AB11,shank,-0.123827,0.190392,0.973916,0.107166,0.978275,-0.177577,-0.986466,0.082343,-0.141572,-0.11569,-0.09557,0.02545,0.0351,-0.0029,-0.2752,-0.06463,-0.1178,-0.27096
AB12,foot,0.712383,0.516918,0.474705,-0.318902,0.840945,-0.437138,-0.625101,0.159951,0.763982,-0.11117,-0.0231,-0.03342,0.1333,-0.0093,0.0172,0.03192,-0.06352,-0.01095
AB12,shank,-0.125725,0.229921,0.965068,0.134995,0.967703,-0.212955,-0.982859,0.103481,-0.152687,-0.09006,-0.10057,0.02653,0.0233,0.0037,-0.2651,-0.04844,-0.11237,-0.24755
AB13,foot,0.808157,0.225818,0.543908,-0.086732,0.959141,-0.26935,-0.582491,0.170487,0.794692,-0.09764,-0.06445,-0.03207,0.1357,0.0063,0.0254,0.0408,-0.06242,-0.00603
AB13,shank,-0.014788,0.305795,0.952,0.088119,0.948812,-0.303386,-0.996045,0.079382,-0.040925,-0.06361,-0.12229,0.02237,0.0201,0.0049,-0.291,-0.04149,-0.12005,-0.28117
AB14,foot,0.772529,0.150634,0.616956,-0.139918,0.987939,-0.06601,-0.619391,-0.035326,0.784283,-0.07637,-0.06707,-0.03434,0.1243,-0.002,0.0234,0.04488,-0.06501,-0.0117
AB14,shank,-0.218043,0.007791,0.975893,0.059565,0.998187,0.005343,-0.974141,0.059303,-0.218162,-0.09636,-0.12476,0.01642,0.0343,0.0112,-0.2147,-0.05214,-0.12141,-0.22275
AB15,foot,0.84833,0.305437,0.4325,-0.283758,0.951888,-0.115603,-0.447025,-0.024679,0.894214,-0.08956,-0.06101,-0.03093,0.1323,0.0024,0.031,0.04121,-0.05484,-0.00254
AB15,shank,-0.231793,0.219791,0.94764,-0.164892,0.951172,-0.260946,-0.958674,-0.216821,-0.184246,-0.1077,-0.09372,0.03523,0.0422,-0.0273,-0.2755,-0.0592,-0.13379,-0.27451
AB16,foot,0.745429,0.094391,0.659878,0.168124,0.931311,-0.323187,-0.64502,0.351836,0.678358,-0.05994,-0.06835,-0.04312,0.1215,-0.0147,0.0281,0.04936,-0.07216,-0.01213
AB16,shank,-0.075722,-0.065979,0.99492,0.062099,0.995544,0.070711,-0.995216,0.067152,-0.071301,-0.02121,-0.13643,0.00959,0.0142,0.0124,-0.2492,-0.03939,-0.1152,-0.24946
AB17,foot,0.861118,0.287596,0.419154,-0.151642,0.932349,-0.328153,-0.485196,0.219001,0.846488,-0.0836,-0.05404,-0.04827,0.112,0.0021,0.0305,0.03279,-0.06378,-0.0098
AB17,shank,-0.163083,0.070477,0.984075,0.126428,0.990737,-0.050005,-0.978506,0.116238,-0.170528,-0.09711,-0.11181,0.00712,0.0253,0.0079,-0.2614,-0.06062,-0.11255,-0.27105
AB18,foot,0.784813,0.266563,0.559499,0.024753,0.88852,-0.458127,-0.619301,0.373345,0.690759,-0.08556,-0.05901,-0.02692,0.1225,0.0006,0.0123,0.04119,-0.06627,-0.00877
AB18,shank,-0.069038,0.083841,0.994092,0.237322,0.96927,-0.065271,-0.968979,0.231387,-0.086792,-0.04085,-0.15766,-0.01717,0.0072,0.0485,-0.2709,-0.03828,-0.10766,-0.2901
AB19,foot,0.845327,0.301639,0.44087,-0.187534,0.940307,-0.283859,-0.500237,0.157196,0.8515,-0.09019,-0.07039,-0.03039,0.1275,0.0032,0.0198,0.03763,-0.06851,-0.00837
AB19,shank,-0.224864,0.254695,0.940544,0.070736,0.966999,-0.244969,-0.971859,0.011525,-0.23549,-0.11342,-0.11902,-0.01404,0.0326,0.0027,-0.226,-0.06615,-0.12309,-0.26667
AB20,foot,0.89841,0.083196,0.431246,0.080764,0.933904,-0.348434,-0.431638,0.347811,0.83229,-0.09362,-0.06629,-0.02774,0.1313,0.0072,0.0208,0.04208,-0.06544,-0.0055
AB20,shank,-0.189343,0.016181,0.981781,0.185227,0.982479,0.019524,-0.964261,0.185555,-0.189028,-0.10305,-0.11707,-0.02839,0.0309,0.0075,-0.2539,-0.05816,-0.11548,-0.29944
AB21,foot,0.834861,-0.001311,0.550381,-0.097005,0.984057,0.149369,-0.541834,-0.178018,0.821373,-0.08609,-0.07163,-0.04016,0.1092,0.0232,0.032,0.03874,-0.06324,-0.00945
AB21,shank,-0.175006,0.233974,0.956359,0.146927,0.966726,-0.209606,-0.973493,0.103827,-0.20359,-0.09875,-0.11738,-0.00158,0.0181,0.0165,-0.2319,-0.05688,-0.1159,-0.25143
AB23,foot,0.797757,0.391197,0.458919,-0.120822,0.849278,-0.513927,-0.590796,0.35457,0.724795,-0.10908,-0.0564,-0.0402,0.1267,0.0125,0.0255,0.03094,-0.06702,-0.00917
AB23,shank,-0.019185,0.332176,0.943065,0.190808,0.927063,-0.322687,-0.981381,0.173808,-0.081105,-0.09163,-0.11358,0.00703,0.0265,0.0134,-0.282,-0.05244,-0.10953,-0.28032
AB24,foot,0.82161,0.231708,0.520929,-0.04255,0.936126,-0.349189,-0.56848,0.264739,0.778893,-0.08127,-0.07635,-0.0326,0.1293,0.0092,0.0245,0.04357,-0.0627,-0.00678
AB24,shank,-0.085841,0.018824,0.996125,0.064622,0.997844,-0.013201,-0.99425,0.063268,-0.086816,-0.07209,-0.13005,0.01594,0.018,0.014,-0.2793,-0.04596,-0.12117,-0.28083
AB25,foot,0.849763,0.311984,0.424967,-0.160521,0.920888,-0.355232,-0.502148,0.233613,0.832599,-0.08673,-0.05863,-0.02949,0.1241,-0.0005,0.0153,0.04,-0.06448,-0.01043
AB25,shank,0.003034,0.324926,0.945764,0.026564,0.945326,-0.324926,-0.999665,0.026159,-0.005708,-0.0636,-0.10218,0.01431,0.02,-0.0105,-0.2545,-0.03231,-0.11966,-0.24845
AB27,foot,0.817225,0.34646,0.460552,-0.131211,0.889988,-0.436583,-0.561209,0.296339,0.772794,-0.126,-0.03301,-0.04125,0.144,0.0096,0.0234,0.02932,-0.05779,-0.00784
AB27,shank,-0.112322,0.346597,0.931247,0.1343,0.933876,-0.331373,-0.984546,0.087839,-0.151406,-0.08886,-0.08761,0.01698,0.0269,-0.0082,-0.2958,-0.05196,-0.106,-0.28706
AB28,foot,0.723979,0.314454,0.613985,-0.073451,0.920084,-0.384664,-0.685917,0.233459,0.689196,-0.09531,-0.0535,-0.03047,0.1256,0.0042,0.0163,0.03626,-0.06086,-0.00941
AB28,shank,0.04025,0.249319,0.967586,0.104555,0.962032,-0.252275,-0.993692,0.111303,0.012602,-0.07557,-0.12295,0.01277,0.0247,0.0095,-0.2491,-0.04013,-0.12007,-0.25032
AB30,foot,0.848646,0.225187,0.478662,-0.069381,0.94442,-0.321291,-0.524354,0.239449,0.817129,-0.07441,-0.0892,-0.03858,0.1305,0.0058,0.0301,0.04885,-0.07711,-0.00787
AB30,shank,-0.101503,0.195013,0.975577,-0.062586,0.97743,-0.201912,-0.99286,-0.081595,-0.086914,-0.08689,-0.10179,0.0102,0.0336,-0.0188,-0.2795,-0.0494,-0.12422,-0.28309
